{"cameraMode":{"drawMode":0,"name":"Shaded","section":"Shading Mode"},"sceneLighting":true,"audioPlay":false,"sceneViewState":{"showFog":true,"showMaterialUpdate":false,"showSkybox":true,"showFlares":true,"showImageEffects":true,"showParticleSystems":true},"in2DMode":false,"pivot":{"x":190.40142822265626,"y":324.35626220703127,"z":31.922569274902345},"rotation":{"x":-0.05477026849985123,"y":-0.06377799063920975,"z":0.003504957538098097,"w":-0.9964526891708374},"size":1028.2974853515625,"orthographic":true}