{"cameraMode":{"drawMode":0,"name":"Shaded","section":"Shading Mode"},"sceneLighting":true,"audioPlay":false,"sceneViewState":{"showFog":true,"showMaterialUpdate":false,"showSkybox":true,"showFlares":true,"showImageEffects":true,"showParticleSystems":true},"in2DMode":false,"pivot":{"x":1150.48583984375,"y":264.5922546386719,"z":-239.09230041503907},"rotation":{"x":-0.06889376044273377,"y":-0.16475410759449006,"z":0.011536139994859696,"w":-0.9838570952415466},"size":564.6372680664063,"orthographic":false}