{"cameraMode":{"drawMode":0,"name":"Shaded","section":"Shading Mode"},"sceneLighting":true,"audioPlay":false,"sceneViewState":{"showFog":true,"showMaterialUpdate":false,"showSkybox":true,"showFlares":true,"showImageEffects":true,"showParticleSystems":true},"in2DMode":false,"pivot":{"x":1.2691097259521485,"y":3.320206880569458,"z":-1.8762245178222657},"rotation":{"x":0.01786542870104313,"y":0.5042185187339783,"z":0.010433605872094632,"w":-0.8633319735527039},"size":26.62826156616211,"orthographic":false}